{"/r/wallstreetbets/comments/14983kc/the_eu_wants_to_gangbang_goog/": -0.9999514222145081, "/r/wallstreetbets/comments/14993sq/91_437k_ytd_performance/": -0.9999512434005737, "/r/wallstreetbets/comments/1490dhz/rivn_to_lose_its_spot_in_the_nasdaq100_index_next/": -0.9999512434005737, "/r/wallstreetbets/comments/148zb8a/i_was_making_1450_an_hour/": -0.9999513626098633, "/r/wallstreetbets/comments/148wv5w/are_ya_winning_dad/": -0.9999513626098633, "/r/wallstreetbets/comments/1496wyu/set_targets_and_stick_to_it/": -0.9999512434005737, "/r/wallstreetbets/comments/1496s38/ah_shit_here_we_go_again/": -0.9999514222145081, "/r/wallstreetbets/comments/1499z20/final_update_24k_in_tesla_calls_on_december_27/": -0.9999512434005737, "/r/wallstreetbets/comments/1494812/its_that_time_of_the_month_again/": -0.9999513626098633, "/r/wallstreetbets/comments/1493a0u/no/": -0.9999512434005737}